Object Name,N-fixed,N-daily,i-fixed,i-daily,w-fixed,w-daily,a,e-fixed,e-daily,M-fixed,M-daily
Sun,0,0,0,0,282.9404,0.0000470934,1,0.016709,0.000000001151,356.047,0.9856
Moon,125.1228,-0.0529538083,5.1454,0,318.0634,0.1643573223,0.0025695,0.0549,0,115.3654,13.0649929509
